timestamp_utc,trial_id,center_image,chosen_image,clicked_position,option_order
2026-04-13T20:03:57.036168+00:00,proto_01,network-snapshot-000320_13324.png,network-snapshot-000320_16855.png,0,network-snapshot-000320_16855.png;network-snapshot-000320_03835.png;network-snapshot-000320_14198.png;network-snapshot-000320_28474.png
2026-04-13T20:03:59.922915+00:00,proto_02,network-snapshot-000320_21112.png,network-snapshot-000320_15685.png,1,network-snapshot-000320_20427.png;network-snapshot-000320_15685.png;network-snapshot-000320_34450.png;network-snapshot-000320_48223.png
2026-04-13T20:06:23.962886+00:00,proto_03,network-snapshot-000320_31186.png,network-snapshot-000320_38999.png,1,network-snapshot-000320_13172.png;network-snapshot-000320_38999.png;network-snapshot-000320_02072.png;network-snapshot-000320_33410.png
2026-04-14T12:44:42.148832+00:00,trial_26,network-snapshot-000320_07707.png,ESP_056691_2160_IRB.NOMAP.browse_5.jpg,0,ESP_056691_2160_IRB.NOMAP.browse_5.jpg;ESP_046534_2020_IRB.NOMAP.browse_5.jpg;ESP_056864_1795_IRB.NOMAP.browse_20.jpg;ESP_029462_1385_IRB.NOMAP.browse_21.jpg
2026-04-14T12:44:49.043224+00:00,trial_2,network-snapshot-000320_28474.png,ESP_052455_1985_IRB.NOMAP.browse_10.jpg,2,ESP_043884_1975_IRB.NOMAP.browse_3.jpg;ESP_055488_1610_IRB.NOMAP.browse_6.jpg;ESP_052455_1985_IRB.NOMAP.browse_10.jpg;ESP_055264_1565_IRB.NOMAP.browse_5.jpg
2026-04-14T12:44:58.866213+00:00,trial_39,network-snapshot-000320_41130.png,ESP_036429_1925_IRB.NOMAP.browse_15.jpg,3,ESP_037101_1910_IRB.NOMAP.browse_7.jpg;ESP_056619_1080_IRB.NOMAP.browse_16.jpg;ESP_028446_1115_IRB.NOMAP.browse_11.jpg;ESP_036429_1925_IRB.NOMAP.browse_15.jpg
2026-04-14T12:45:04.709202+00:00,trial_54,network-snapshot-000320_11864.png,ESP_045025_1450_IRB.NOMAP.browse_4.jpg,2,ESP_038993_1670_IRB.NOMAP.browse_9.jpg;ESP_050360_2305_IRB.NOMAP.browse_12.jpg;ESP_045025_1450_IRB.NOMAP.browse_4.jpg;ESP_048812_1415_IRB.NOMAP.browse_5.jpg
2026-04-14T12:45:07.465009+00:00,trial_5,network-snapshot-000320_21112.png,ESP_057147_1490_IRB.NOMAP.browse_12.jpg,0,ESP_057147_1490_IRB.NOMAP.browse_12.jpg;ESP_057270_1000_IRB.NOMAP.browse_4.jpg;ESP_047209_1555_IRB.NOMAP.browse_8.jpg;ESP_031919_1435_IRB.NOMAP.browse_0.jpg
2026-04-14T12:45:15.417700+00:00,proto_02,network-snapshot-000320_21112.png,network-snapshot-000320_20427.png,2,network-snapshot-000320_15685.png;network-snapshot-000320_48223.png;network-snapshot-000320_20427.png;network-snapshot-000320_34450.png
2026-04-14T12:45:18.675331+00:00,trial_45,network-snapshot-000320_30884.png,ESP_032292_2055_IRB.NOMAP.browse_6.jpg,1,ESP_042966_1380_IRB.NOMAP.browse_4.jpg;ESP_032292_2055_IRB.NOMAP.browse_6.jpg;ESP_046624_1300_IRB.NOMAP.browse_7.jpg;ESP_029913_2135_IRB.NOMAP.browse_18.jpg
2026-04-14T12:45:21.231211+00:00,trial_56,network-snapshot-000320_23567.png,ESP_050874_1415_IRB.NOMAP.browse_5.jpg,0,ESP_050874_1415_IRB.NOMAP.browse_5.jpg;ESP_046139_1375_IRB.NOMAP.browse_5.jpg;ESP_056453_1120_IRB.NOMAP.browse_15.jpg;ESP_056582_1015_IRB.NOMAP.browse_27.jpg
2026-04-14T12:45:25.403489+00:00,trial_3,network-snapshot-000320_16855.png,ESP_043528_2020_IRB.NOMAP.browse_14.jpg,1,ESP_047561_1345_IRB.NOMAP.browse_11.jpg;ESP_043528_2020_IRB.NOMAP.browse_14.jpg;ESP_032284_1615_IRB.NOMAP.browse_6.jpg;ESP_030965_2040_IRB.NOMAP.browse_5.jpg
2026-04-14T12:45:29.600670+00:00,trial_19,network-snapshot-000320_43607.png,ESP_038361_1040_IRB.NOMAP.browse_14.jpg,3,ESP_047357_1005_IRB.NOMAP.browse_1.jpg;ESP_056200_0935_IRB.NOMAP.browse_4.jpg;ESP_046487_1345_IRB.NOMAP.browse_3.jpg;ESP_038361_1040_IRB.NOMAP.browse_14.jpg
2026-04-14T12:45:34.290770+00:00,trial_35,network-snapshot-000320_27128.png,ESP_039428_1565_IRB.NOMAP.browse_8.jpg,3,ESP_028719_1615_IRB.NOMAP.browse_25.jpg;ESP_054951_2225_IRB.NOMAP.browse_6.jpg;ESP_055264_1565_IRB.NOMAP.browse_5.jpg;ESP_039428_1565_IRB.NOMAP.browse_8.jpg
2026-04-14T12:47:31.430290+00:00,trial_34,network-snapshot-000320_30688.png,ESP_047096_1945_IRB.NOMAP.browse_1.jpg,0,ESP_047096_1945_IRB.NOMAP.browse_1.jpg;ESP_039447_1780_IRB.NOMAP.browse_8.jpg;ESP_044823_1835_IRB.NOMAP.browse_11.jpg;ESP_052401_1985_IRB.NOMAP.browse_9.jpg
2026-04-14T12:47:44.871258+00:00,trial_27,network-snapshot-000320_21716.png,ESP_034918_1825_IRB.NOMAP.browse_4.jpg,0,ESP_034918_1825_IRB.NOMAP.browse_4.jpg;ESP_035061_1565_IRB.NOMAP.browse_8.jpg;ESP_047057_1415_IRB.NOMAP.browse_6.jpg;ESP_046310_2055_IRB.NOMAP.browse_7.jpg
2026-04-14T12:47:47.961200+00:00,trial_16,network-snapshot-000320_49166.png,ESP_043051_1890_IRB.NOMAP.browse_0.jpg,1,ESP_047261_1010_IRB.NOMAP.browse_11.jpg;ESP_043051_1890_IRB.NOMAP.browse_0.jpg;ESP_026465_1500_IRB.NOMAP.browse_6.jpg;ESP_045800_1540_IRB.NOMAP.browse_20.jpg
2026-04-14T12:47:52.178468+00:00,trial_8,network-snapshot-000320_48223.png,ESP_055934_0885_IRB.NOMAP.browse_26.jpg,2,ESP_049166_0930_IRB.NOMAP.browse_3.jpg;ESP_056548_0940_IRB.NOMAP.browse_44.jpg;ESP_055934_0885_IRB.NOMAP.browse_26.jpg;ESP_055904_0915_IRB.NOMAP.browse_33.jpg
2026-04-14T12:47:55.263326+00:00,trial_49,network-snapshot-000320_34093.png,ESP_037243_1210_IRB.NOMAP.browse_9.jpg,0,ESP_037243_1210_IRB.NOMAP.browse_9.jpg;ESP_053817_1560_IRB.NOMAP.browse_1.jpg;ESP_028305_1210_IRB.NOMAP.browse_55.jpg;ESP_026799_1680_IRB.NOMAP.browse_9.jpg
2026-04-14T12:48:00.451115+00:00,trial_11,network-snapshot-000320_33410.png,ESP_034987_2020_IRB.NOMAP.browse_4.jpg,1,ESP_057001_1450_IRB.NOMAP.browse_16.jpg;ESP_034987_2020_IRB.NOMAP.browse_4.jpg;ESP_038127_1790_IRB.NOMAP.browse_9.jpg;ESP_044756_1800_IRB.NOMAP.browse_4.jpg
2026-04-14T12:48:03.775651+00:00,trial_21,network-snapshot-000320_17559.png,ESP_034932_1300_IRB.NOMAP.browse_12.jpg,3,ESP_035777_1320_IRB.NOMAP.browse_12.jpg;ESP_038215_0935_IRB.NOMAP.browse_0.jpg;ESP_030163_1735_IRB.NOMAP.browse_2.jpg;ESP_034932_1300_IRB.NOMAP.browse_12.jpg
2026-04-14T12:48:07.578652+00:00,trial_47,network-snapshot-000320_43455.png,ESP_047265_1415_IRB.NOMAP.browse_6.jpg,2,ESP_029420_2250_IRB.NOMAP.browse_9.jpg;ESP_054786_1805_IRB.NOMAP.browse_0.jpg;ESP_047265_1415_IRB.NOMAP.browse_6.jpg;ESP_028801_1370_IRB.NOMAP.browse_3.jpg
2026-04-14T12:48:12.795274+00:00,trial_41,network-snapshot-000320_31539.png,ESP_034693_1445_IRB.NOMAP.browse_4.jpg,1,ESP_044751_2050_IRB.NOMAP.browse_1.jpg;ESP_034693_1445_IRB.NOMAP.browse_4.jpg;ESP_055501_1465_IRB.NOMAP.browse_8.jpg;ESP_052058_1870_IRB.NOMAP.browse_3.jpg
2026-04-14T12:48:18.580713+00:00,trial_6,network-snapshot-000320_34450.png,ESP_033515_1385_IRB.NOMAP.browse_32.jpg,2,ESP_056637_1395_IRB.NOMAP.browse_5.jpg;ESP_043208_2315_IRB.NOMAP.browse_10.jpg;ESP_033515_1385_IRB.NOMAP.browse_32.jpg;ESP_037721_1355_IRB.NOMAP.browse_8.jpg
2026-04-14T12:48:31.590773+00:00,trial_53,network-snapshot-000320_26676.png,ESP_057353_1420_IRB.NOMAP.browse_19.jpg,2,ESP_056696_1080_IRB.NOMAP.browse_9.jpg;ESP_034957_2005_IRB.NOMAP.browse_10.jpg;ESP_057353_1420_IRB.NOMAP.browse_19.jpg;ESP_048383_1050_IRB.NOMAP.browse_5.jpg
2026-04-14T12:48:34.837075+00:00,trial_24,network-snapshot-000320_21968.png,ESP_046273_1350_IRB.NOMAP.browse_11.jpg,1,ESP_046890_1355_IRB.NOMAP.browse_10.jpg;ESP_046273_1350_IRB.NOMAP.browse_11.jpg;ESP_049613_1010_IRB.NOMAP.browse_8.jpg;ESP_050982_1340_IRB.NOMAP.browse_1.jpg
2026-04-14T12:48:40.955214+00:00,trial_43,network-snapshot-000320_30443.png,ESP_036140_1490_IRB.NOMAP.browse_10.jpg,0,ESP_036140_1490_IRB.NOMAP.browse_10.jpg;ESP_016412_2030_IRB.NOMAP.browse_13.jpg;ESP_047830_1565_IRB.NOMAP.browse_1.jpg;ESP_028393_2140_IRB.NOMAP.browse_0.jpg
2026-04-14T12:48:43.764824+00:00,trial_23,network-snapshot-000320_15097.png,ESP_050393_2040_IRB.NOMAP.browse_1.jpg,3,ESP_027159_2430_IRB.NOMAP.browse_3.jpg;ESP_035584_1600_IRB.NOMAP.browse_3.jpg;ESP_053046_1970_IRB.NOMAP.browse_17.jpg;ESP_050393_2040_IRB.NOMAP.browse_1.jpg
2026-04-14T12:48:45.949611+00:00,trial_25,network-snapshot-000320_25085.png,ESP_057011_1915_IRB.NOMAP.browse_5.jpg,2,ESP_050919_1255_IRB.NOMAP.browse_10.jpg;ESP_048562_1955_IRB.NOMAP.browse_17.jpg;ESP_057011_1915_IRB.NOMAP.browse_5.jpg;ESP_057187_2085_IRB.NOMAP.browse_14.jpg
2026-04-14T12:48:49.283082+00:00,trial_46,network-snapshot-000320_17860.png,ESP_033616_2550_IRB.NOMAP.browse_2.jpg,1,ESP_050233_2640_IRB.NOMAP.browse_3.jpg;ESP_033616_2550_IRB.NOMAP.browse_2.jpg;ESP_052244_1990_IRB.NOMAP.browse_1.jpg;ESP_050479_2560_IRB.NOMAP.browse_6.jpg
2026-04-14T12:48:54.968219+00:00,trial_15,network-snapshot-000320_33484.png,ESP_032047_1395_IRB.NOMAP.browse_6.jpg,1,ESP_035545_2290_IRB.NOMAP.browse_2.jpg;ESP_032047_1395_IRB.NOMAP.browse_6.jpg;ESP_037978_0950_IRB.NOMAP.browse_20.jpg;ESP_029662_1750_IRB.NOMAP.browse_3.jpg
2026-04-14T12:48:59.137180+00:00,trial_32,network-snapshot-000320_49614.png,ESP_030148_1050_IRB.NOMAP.browse_2.jpg,2,ESP_029291_1890_IRB.NOMAP.browse_12.jpg;ESP_028806_2335_IRB.NOMAP.browse_5.jpg;ESP_030148_1050_IRB.NOMAP.browse_2.jpg;ESP_053467_1875_IRB.NOMAP.browse_21.jpg
2026-04-14T12:49:05.154599+00:00,trial_40,network-snapshot-000320_34061.png,ESP_038232_2040_IRB.NOMAP.browse_3.jpg,3,ESP_033477_2640_IRB.NOMAP.browse_6.jpg;ESP_046872_1515_IRB.NOMAP.browse_4.jpg;ESP_028483_1760_IRB.NOMAP.browse_0.jpg;ESP_038232_2040_IRB.NOMAP.browse_3.jpg
2026-04-14T12:49:09.400659+00:00,trial_51,network-snapshot-000320_01711.png,ESP_028432_2185_IRB.NOMAP.browse_1.jpg,3,ESP_054778_2675_IRB.NOMAP.browse_1.jpg;ESP_027163_2295_IRB.NOMAP.browse_12.jpg;ESP_043853_2200_IRB.NOMAP.browse_1.jpg;ESP_028432_2185_IRB.NOMAP.browse_1.jpg
2026-04-14T12:49:13.247757+00:00,trial_37,network-snapshot-000320_46102.png,ESP_049407_1845_IRB.NOMAP.browse_7.jpg,3,ESP_058005_1845_IRB.NOMAP.browse_4.jpg;ESP_055144_1090_IRB.NOMAP.browse_10.jpg;ESP_052634_2535_IRB.NOMAP.browse_3.jpg;ESP_049407_1845_IRB.NOMAP.browse_7.jpg
2026-04-14T12:49:16.384175+00:00,trial_17,network-snapshot-000320_41889.png,ESP_046829_2160_IRB.NOMAP.browse_12.jpg,0,ESP_046829_2160_IRB.NOMAP.browse_12.jpg;ESP_036556_1760_IRB.NOMAP.browse_0.jpg;ESP_037182_1885_IRB.NOMAP.browse_4.jpg;ESP_034679_2100_IRB.NOMAP.browse_12.jpg
2026-04-14T12:49:24.134995+00:00,trial_14,network-snapshot-000320_03737.png,ESP_027396_2615_IRB.NOMAP.browse_4.jpg,1,ESP_056708_1095_IRB.NOMAP.browse_21.jpg;ESP_027396_2615_IRB.NOMAP.browse_4.jpg;ESP_035876_2610_IRB.NOMAP.browse_1.jpg;ESP_044853_2580_IRB.NOMAP.browse_0.jpg
2026-04-14T12:49:29.135679+00:00,trial_31,network-snapshot-000320_46179.png,ESP_051149_1405_IRB.NOMAP.browse_4.jpg,2,ESP_056642_1030_IRB.NOMAP.browse_5.jpg;ESP_026686_1880_IRB.NOMAP.browse_26.jpg;ESP_051149_1405_IRB.NOMAP.browse_4.jpg;ESP_047304_1920_IRB.NOMAP.browse_10.jpg
2026-04-14T12:49:34.126952+00:00,trial_30,network-snapshot-000320_02669.png,ESP_055512_2225_IRB.NOMAP.browse_1.jpg,3,ESP_049656_2105_IRB.NOMAP.browse_1.jpg;ESP_037474_1380_IRB.NOMAP.browse_10.jpg;ESP_055268_2170_IRB.NOMAP.browse_2.jpg;ESP_055512_2225_IRB.NOMAP.browse_1.jpg
2026-04-14T12:49:41.787800+00:00,trial_1,network-snapshot-000320_13324.png,ESP_050309_1590_IRB.NOMAP.browse_0.jpg,1,ESP_046020_1770_IRB.NOMAP.browse_21.jpg;ESP_050309_1590_IRB.NOMAP.browse_0.jpg;ESP_032686_1540_IRB.NOMAP.browse_3.jpg;ESP_056871_1530_IRB.NOMAP.browse_17.jpg
2026-04-14T12:49:47.709855+00:00,trial_29,network-snapshot-000320_03455.png,ESP_046814_1335_IRB.NOMAP.browse_4.jpg,1,ESP_046724_1405_IRB.NOMAP.browse_4.jpg;ESP_046814_1335_IRB.NOMAP.browse_4.jpg;ESP_047207_2035_IRB.NOMAP.browse_4.jpg;ESP_054399_1695_IRB.NOMAP.browse_19.jpg
2026-04-14T12:49:55.179404+00:00,proto_01,network-snapshot-000320_13324.png,network-snapshot-000320_28474.png,2,network-snapshot-000320_16855.png;network-snapshot-000320_14198.png;network-snapshot-000320_28474.png;network-snapshot-000320_03835.png
2026-04-14T12:49:58.746117+00:00,trial_4,network-snapshot-000320_03835.png,ESP_032762_0930_IRB.NOMAP.browse_3.jpg,1,ESP_049534_0955_IRB.NOMAP.browse_7.jpg;ESP_032762_0930_IRB.NOMAP.browse_3.jpg;ESP_028910_2240_IRB.NOMAP.browse_8.jpg;ESP_049153_0930_IRB.NOMAP.browse_4.jpg
2026-04-14T12:50:01.957039+00:00,trial_9,network-snapshot-000320_20427.png,ESP_037500_1170_IRB.NOMAP.browse_4.jpg,2,ESP_056504_1065_IRB.NOMAP.browse_34.jpg;ESP_029412_0955_IRB.NOMAP.browse_6.jpg;ESP_037500_1170_IRB.NOMAP.browse_4.jpg;ESP_057344_1205_IRB.NOMAP.browse_0.jpg
2026-04-14T12:50:04.842238+00:00,trial_44,network-snapshot-000320_11976.png,ESP_034564_1765_IRB.NOMAP.browse_7.jpg,1,ESP_047687_1515_IRB.NOMAP.browse_14.jpg;ESP_034564_1765_IRB.NOMAP.browse_7.jpg;ESP_044254_1670_IRB.NOMAP.browse_5.jpg;ESP_048119_1745_IRB.NOMAP.browse_3.jpg
2026-04-14T12:50:09.077141+00:00,trial_48,network-snapshot-000320_03069.png,ESP_035038_1950_IRB.NOMAP.browse_0.jpg,1,ESP_033751_2065_IRB.NOMAP.browse_6.jpg;ESP_035038_1950_IRB.NOMAP.browse_0.jpg;ESP_053066_1580_IRB.NOMAP.browse_3.jpg;ESP_027038_1710_IRB.NOMAP.browse_9.jpg
2026-04-14T12:50:12.216445+00:00,trial_52,network-snapshot-000320_38251.png,ESP_047223_1345_IRB.NOMAP.browse_9.jpg,2,ESP_049075_0995_IRB.NOMAP.browse_7.jpg;ESP_027078_2205_IRB.NOMAP.browse_3.jpg;ESP_047223_1345_IRB.NOMAP.browse_9.jpg;ESP_054625_2245_IRB.NOMAP.browse_1.jpg
2026-04-14T12:50:17.394210+00:00,trial_50,network-snapshot-000320_18879.png,ESP_031904_0950_IRB.NOMAP.browse_5.jpg,0,ESP_031904_0950_IRB.NOMAP.browse_5.jpg;ESP_056155_1980_IRB.NOMAP.browse_6.jpg;ESP_056590_0945_IRB.NOMAP.browse_11.jpg;ESP_048584_0925_IRB.NOMAP.browse_1.jpg
2026-04-14T12:50:21.702581+00:00,trial_36,network-snapshot-000320_04871.png,ESP_057842_1310_IRB.NOMAP.browse_5.jpg,2,ESP_053435_1805_IRB.NOMAP.browse_2.jpg;ESP_045578_2310_IRB.NOMAP.browse_0.jpg;ESP_057842_1310_IRB.NOMAP.browse_5.jpg;ESP_035142_1345_IRB.NOMAP.browse_7.jpg
2026-04-14T12:50:25.376323+00:00,trial_42,network-snapshot-000320_42646.png,ESP_041323_0960_IRB.NOMAP.browse_6.jpg,1,ESP_041178_0980_IRB.NOMAP.browse_4.jpg;ESP_041323_0960_IRB.NOMAP.browse_6.jpg;ESP_054812_2145_IRB.NOMAP.browse_2.jpg;ESP_041178_0980_IRB.NOMAP.browse_3.jpg
2026-04-14T12:50:29.746305+00:00,proto_03,network-snapshot-000320_31186.png,network-snapshot-000320_02072.png,1,network-snapshot-000320_38999.png;network-snapshot-000320_02072.png;network-snapshot-000320_13172.png;network-snapshot-000320_33410.png
2026-04-14T12:50:31.501256+00:00,trial_18,network-snapshot-000320_28265.png,ESP_031840_1425_IRB.NOMAP.browse_6.jpg,2,ESP_036832_1895_IRB.NOMAP.browse_11.jpg;ESP_054849_1580_IRB.NOMAP.browse_0.jpg;ESP_031840_1425_IRB.NOMAP.browse_6.jpg;ESP_026363_1540_IRB.NOMAP.browse_2.jpg
2026-04-14T12:50:34.350999+00:00,trial_10,network-snapshot-000320_13172.png,ESP_054810_1980_IRB.NOMAP.browse_3.jpg,1,ESP_027582_1700_IRB.NOMAP.browse_5.jpg;ESP_054810_1980_IRB.NOMAP.browse_3.jpg;ESP_028515_2095_IRB.NOMAP.browse_10.jpg;ESP_039273_1315_IRB.NOMAP.browse_8.jpg
2026-04-14T12:50:37.575703+00:00,trial_22,network-snapshot-000320_24346.png,ESP_055872_1000_IRB.NOMAP.browse_20.jpg,0,ESP_055872_1000_IRB.NOMAP.browse_20.jpg;ESP_046148_1180_IRB.NOMAP.browse_10.jpg;ESP_052330_2310_IRB.NOMAP.browse_1.jpg;ESP_051969_2560_IRB.NOMAP.browse_9.jpg
2026-04-14T12:50:39.328553+00:00,trial_12,network-snapshot-000320_02072.png,ESP_037866_1760_IRB.NOMAP.browse_5.jpg,2,ESP_031049_1845_IRB.NOMAP.browse_0.jpg;ESP_030389_1770_IRB.NOMAP.browse_0.jpg;ESP_037866_1760_IRB.NOMAP.browse_5.jpg;ESP_027331_2140_IRB.NOMAP.browse_10.jpg
2026-04-14T12:50:42.262983+00:00,trial_13,network-snapshot-000320_12914.png,ESP_056776_0955_IRB.NOMAP.browse_23.jpg,1,ESP_031064_1085_IRB.NOMAP.browse_0.jpg;ESP_056776_0955_IRB.NOMAP.browse_23.jpg;ESP_046087_1825_IRB.NOMAP.browse_7.jpg;ESP_054680_2060_IRB.NOMAP.browse_18.jpg
2026-04-14T12:50:44.446670+00:00,trial_7,network-snapshot-000320_15685.png,ESP_057123_1915_IRB.NOMAP.browse_18.jpg,2,ESP_046854_1010_IRB.NOMAP.browse_12.jpg;ESP_039265_1735_IRB.NOMAP.browse_1.jpg;ESP_057123_1915_IRB.NOMAP.browse_18.jpg;ESP_035882_2000_IRB.NOMAP.browse_7.jpg
2026-04-14T12:50:46.167292+00:00,trial_55,network-snapshot-000320_06636.png,ESP_050479_2560_IRB.NOMAP.browse_6.jpg,1,ESP_042062_2600_IRB.NOMAP.browse_1.jpg;ESP_050479_2560_IRB.NOMAP.browse_6.jpg;ESP_027177_1580_IRB.NOMAP.browse_3.jpg;ESP_052552_2235_IRB.NOMAP.browse_7.jpg
2026-04-14T12:50:49.469899+00:00,trial_38,network-snapshot-000320_47830.png,ESP_028996_1330_IRB.NOMAP.browse_14.jpg,3,ESP_026424_2570_IRB.NOMAP.browse_1.jpg;ESP_056932_2195_IRB.NOMAP.browse_0.jpg;ESP_037614_1845_IRB.NOMAP.browse_5.jpg;ESP_028996_1330_IRB.NOMAP.browse_14.jpg
2026-04-14T12:50:52.249153+00:00,trial_28,network-snapshot-000320_28053.png,ESP_045363_2560_IRB.NOMAP.browse_4.jpg,3,ESP_035128_1485_IRB.NOMAP.browse_2.jpg;ESP_045460_2600_IRB.NOMAP.browse_2.jpg;ESP_045363_2560_IRB.NOMAP.browse_4.jpg;ESP_045363_2560_IRB.NOMAP.browse_4.jpg
2026-04-14T12:50:56.619236+00:00,trial_20,network-snapshot-000320_31814.png,ESP_050876_1750_IRB.NOMAP.browse_4.jpg,3,ESP_035692_2440_IRB.NOMAP.browse_8.jpg;ESP_053119_2395_IRB.NOMAP.browse_0.jpg;ESP_050298_1160_IRB.NOMAP.browse_10.jpg;ESP_050876_1750_IRB.NOMAP.browse_4.jpg
2026-04-14T12:50:58.863315+00:00,trial_33,network-snapshot-000320_35738.png,ESP_044411_1390_IRB.NOMAP.browse_16.jpg,2,ESP_052635_2160_IRB.NOMAP.browse_12.jpg;ESP_056837_0995_IRB.NOMAP.browse_11.jpg;ESP_044411_1390_IRB.NOMAP.browse_16.jpg;ESP_037270_1865_IRB.NOMAP.browse_7.jpg
